change_id,effective_date,old_symbol,new_symbol,new_company_name,source,source_url,new_symbol_url,source_exchange_hint,source_confidence,review_needed,observed_at
0942e11fd5a6d220,2026-04-14,ZGM,ZTG,Zenta Group Co Ltd.,stockanalysis_symbol_changes,https://stockanalysis.com/actions/changes/,/stocks/ztg/,US_LISTED,secondary_review,true,2026-04-16T08:02:41Z
f8b6b8562d0cdcbe,2026-04-13,CIGL,YOOV,Concorde International Group Ltd.,stockanalysis_symbol_changes,https://stockanalysis.com/actions/changes/,/stocks/yoov/,US_LISTED,secondary_review,true,2026-04-16T08:02:41Z
1bdf02aa09bda8f8,2026-04-08,CAPT,CPTAF,Captivision Inc,stockanalysis_symbol_changes,https://stockanalysis.com/actions/changes/,/quote/otc/CPTAF/,OTC,secondary_review,true,2026-04-16T08:02:41Z
9c97b86a8b72a0ca,2026-04-07,DCOMG,DCBG,Dime Community Bancshares Inc,stockanalysis_symbol_changes,https://stockanalysis.com/actions/changes/,/stocks/dcbg/,US_LISTED,secondary_review,true,2026-04-16T08:02:41Z
ff898f72a2580b0a,2026-04-06,NBY,SDEV,Stablecoin Development Corp,stockanalysis_symbol_changes,https://stockanalysis.com/actions/changes/,/stocks/sdev/,US_LISTED,secondary_review,true,2026-04-16T08:02:41Z
b672e01152a57370,2026-04-06,BITF,KEEL,Keel Infrastructure Corp,stockanalysis_symbol_changes,https://stockanalysis.com/actions/changes/,/stocks/keel/,US_LISTED,secondary_review,true,2026-04-16T08:02:41Z
6b7cc95f08836c75,2026-04-02,QH,QHUOY,Quhuo Ltd.,stockanalysis_symbol_changes,https://stockanalysis.com/actions/changes/,/quote/otc/QHUOY/,OTC,secondary_review,true,2026-04-16T08:02:41Z
905048ab37dc4724,2026-04-01,VCIC,CSHR,Coinshares PLC,stockanalysis_symbol_changes,https://stockanalysis.com/actions/changes/,/stocks/cshr/,US_LISTED,secondary_review,true,2026-04-16T08:02:41Z
ce7352846b5db9ff,2026-03-31,JFBR,NEXR,Nexera Technologies Ltd.,stockanalysis_symbol_changes,https://stockanalysis.com/actions/changes/,/stocks/nexr/,US_LISTED,secondary_review,true,2026-04-16T08:02:41Z
6c48ab28f5241afc,2026-03-27,TBMC,CYAB,Cyabra Inc,stockanalysis_symbol_changes,https://stockanalysis.com/actions/changes/,/stocks/cyab/,US_LISTED,secondary_review,true,2026-04-16T08:02:41Z
5d378afc9bebb1c1,2026-03-27,CHAC,XNDU,Xanadu Quantum Technologies Ltd.,stockanalysis_symbol_changes,https://stockanalysis.com/actions/changes/,/stocks/xndu/,US_LISTED,secondary_review,true,2026-04-16T08:02:41Z
a459386391b0cc3d,2026-03-26,PELI,GLND,Greenland Energy Co.,stockanalysis_symbol_changes,https://stockanalysis.com/actions/changes/,/stocks/glnd/,US_LISTED,secondary_review,true,2026-04-16T08:02:41Z
b99445db47be0165,2026-03-20,BACQ,MRLN,Merlin Inc,stockanalysis_symbol_changes,https://stockanalysis.com/actions/changes/,/stocks/mrln/,US_LISTED,secondary_review,true,2026-04-16T08:02:41Z
9f655af2f2bb7fbe,2026-03-19,GIXXU,GIX,Gigcapital9 Corp,stockanalysis_symbol_changes,https://stockanalysis.com/actions/changes/,/stocks/gix/,US_LISTED,secondary_review,true,2026-04-16T08:02:41Z
72df37c2bcd6b7d3,2026-03-17,ULY,ULYX,Urgently Inc,stockanalysis_symbol_changes,https://stockanalysis.com/actions/changes/,/quote/otc/ULYX/,OTC,secondary_review,true,2026-04-16T08:02:41Z
63e555785bb11880,2026-03-16,VVPR,VIVO,Vivopower PLC,stockanalysis_symbol_changes,https://stockanalysis.com/actions/changes/,/stocks/vivo/,US_LISTED,secondary_review,true,2026-04-16T08:02:41Z
181abcb85243834a,2026-03-16,LITM,FNUC,Frontier Nuclear & Minerals Inc,stockanalysis_symbol_changes,https://stockanalysis.com/actions/changes/,/stocks/fnuc/,US_LISTED,secondary_review,true,2026-04-16T08:02:41Z
f1d6cdb437106551,2026-03-12,MYNZ,QUCY,Mainz Biomed Nv,stockanalysis_symbol_changes,https://stockanalysis.com/actions/changes/,/stocks/qucy/,US_LISTED,secondary_review,true,2026-04-16T08:02:41Z
4350a41685bd85a8,2026-03-12,KLTO,GRML,Greenland Mines Ltd.,stockanalysis_symbol_changes,https://stockanalysis.com/actions/changes/,/stocks/grml/,US_LISTED,secondary_review,true,2026-04-16T08:02:41Z
cdd758c14f698ad9,2026-03-12,GLTO,DMRA,Damora Therapeutics Inc,stockanalysis_symbol_changes,https://stockanalysis.com/actions/changes/,/stocks/dmra/,US_LISTED,secondary_review,true,2026-04-16T08:02:41Z
1c081316ec1ee3bc,2026-03-12,FTEL,GMEX,Gmex Robotics Corp,stockanalysis_symbol_changes,https://stockanalysis.com/actions/changes/,/stocks/gmex/,US_LISTED,secondary_review,true,2026-04-16T08:02:41Z
0e40ef295a57de10,2026-03-11,SAVA,FLNA,Filana Therapeutics Inc,stockanalysis_symbol_changes,https://stockanalysis.com/actions/changes/,/stocks/flna/,US_LISTED,secondary_review,true,2026-04-16T08:02:41Z
eeccaf0529834225,2026-03-10,ESGL,OIO,Oio Group,stockanalysis_symbol_changes,https://stockanalysis.com/actions/changes/,/stocks/oio/,US_LISTED,secondary_review,true,2026-04-16T08:02:41Z
bb6f2d344dc43c11,2026-03-05,IMG,CIMG,Cimg Inc,stockanalysis_symbol_changes,https://stockanalysis.com/actions/changes/,/quote/otc/CIMG/,OTC,secondary_review,true,2026-04-16T08:02:41Z
386838babb947507,2026-03-03,GMGI,MRDN,Meridian Holdings Inc,stockanalysis_symbol_changes,https://stockanalysis.com/actions/changes/,/stocks/mrdn/,US_LISTED,secondary_review,true,2026-04-16T08:02:41Z
aa593b1d12e1820f,2026-03-02,TSE,TSEOF,Trinseo PLC,stockanalysis_symbol_changes,https://stockanalysis.com/actions/changes/,/quote/otc/TSEOF/,OTC,secondary_review,true,2026-04-16T08:02:41Z
5cfd6ed0dad6c752,2026-03-02,ETHZ,FRMM,Forum Markets Inc,stockanalysis_symbol_changes,https://stockanalysis.com/actions/changes/,/stocks/frmm/,US_LISTED,secondary_review,true,2026-04-16T08:02:41Z
7b7083551b3aa67f,2026-02-26,NITO,NXTS,Nexentis Technologies Inc,stockanalysis_symbol_changes,https://stockanalysis.com/actions/changes/,/stocks/nxts/,US_LISTED,secondary_review,true,2026-04-16T08:02:41Z
19dd36b70cd8c04e,2026-02-25,BLBX,ALOY,Realloys Inc,stockanalysis_symbol_changes,https://stockanalysis.com/actions/changes/,/stocks/aloy/,US_LISTED,secondary_review,true,2026-04-16T08:02:41Z
45f49853ebcb918f,2026-02-24,RYI,RYZ,Ryerson Holding Corp,stockanalysis_symbol_changes,https://stockanalysis.com/actions/changes/,/stocks/ryz/,US_LISTED,secondary_review,true,2026-04-16T08:02:41Z
be79e6a5b58be0cf,2026-02-24,ATGE,CVSA,Covista Inc,stockanalysis_symbol_changes,https://stockanalysis.com/actions/changes/,/stocks/cvsa/,US_LISTED,secondary_review,true,2026-04-16T08:02:41Z
7ecc8f36f8fb55dd,2026-02-23,KBFR,LVROF,Lavoro Ltd.,stockanalysis_symbol_changes,https://stockanalysis.com/actions/changes/,/quote/otc/LVROF/,OTC,secondary_review,true,2026-04-16T08:02:41Z
58a956f12be1bbd2,2026-02-23,GMRE,XRN,Chiron Real Estate Inc,stockanalysis_symbol_changes,https://stockanalysis.com/actions/changes/,/stocks/xrn/,US_LISTED,secondary_review,true,2026-04-16T08:02:41Z
95958004f129cab8,2026-02-20,ABP,ABPO,Abpro Holdings Inc,stockanalysis_symbol_changes,https://stockanalysis.com/actions/changes/,/quote/otc/ABPO/,OTC,secondary_review,true,2026-04-16T08:02:41Z
aa0bd28291185d84,2026-02-19,VRAR,GGRP,Glimpse Group Inc,stockanalysis_symbol_changes,https://stockanalysis.com/actions/changes/,/stocks/ggrp/,US_LISTED,secondary_review,true,2026-04-16T08:02:41Z
4e62af8679b053ae,2026-02-19,ARMN,ARIS,Aris Mining Corp,stockanalysis_symbol_changes,https://stockanalysis.com/actions/changes/,/stocks/aris/,US_LISTED,secondary_review,true,2026-04-16T08:02:41Z
22415501f1a80edf,2026-02-18,THAR,CNTN,Canton Strategic Holdings Inc,stockanalysis_symbol_changes,https://stockanalysis.com/actions/changes/,/stocks/cntn/,US_LISTED,secondary_review,true,2026-04-16T08:02:41Z
96e2a7c075ba1837,2026-02-12,NISN,AIOS,Aios Tech Inc,stockanalysis_symbol_changes,https://stockanalysis.com/actions/changes/,/stocks/aios/,US_LISTED,secondary_review,true,2026-04-16T08:02:41Z
2e1e6d281b7d6473,2026-02-11,PX,RPC,Ridgepost Capital Inc,stockanalysis_symbol_changes,https://stockanalysis.com/actions/changes/,/stocks/rpc/,US_LISTED,secondary_review,true,2026-04-16T08:02:41Z
6319aaa27a59fbf8,2026-02-09,NUKK,DFNS,T3 Defense Inc,stockanalysis_symbol_changes,https://stockanalysis.com/actions/changes/,/stocks/dfns/,US_LISTED,secondary_review,true,2026-04-16T08:02:41Z
c3e505e310666180,2026-02-05,AXL,DCH,Dauch Corp,stockanalysis_symbol_changes,https://stockanalysis.com/actions/changes/,/stocks/dch/,US_LISTED,secondary_review,true,2026-04-16T08:02:41Z
b20d25f337de5a48,2026-02-03,FATBP,FATPQ,Fat Brands Inc,stockanalysis_symbol_changes,https://stockanalysis.com/actions/changes/,/quote/otc/FATPQ/,OTC,secondary_review,true,2026-04-16T08:02:41Z
df02e17d8e20c86f,2026-02-03,FAT,FATAQ,Fat Brands Inc,stockanalysis_symbol_changes,https://stockanalysis.com/actions/changes/,/quote/otc/FATAQ/,OTC,secondary_review,true,2026-04-16T08:02:41Z
db3a5e055edd6c1a,2026-02-02,LDWY,TULP,Bloomia Holdings Inc,stockanalysis_symbol_changes,https://stockanalysis.com/actions/changes/,/stocks/tulp/,US_LISTED,secondary_review,true,2026-04-16T08:02:41Z
b8fd67dcb10f950a,2026-01-29,FLGC,ZSTK,Zerostack Corp,stockanalysis_symbol_changes,https://stockanalysis.com/actions/changes/,/stocks/zstk/,US_LISTED,secondary_review,true,2026-04-16T08:02:41Z
bf36982f0cc45ef2,2026-01-28,QTIH,QTI,Qt Imaging Holdings Inc,stockanalysis_symbol_changes,https://stockanalysis.com/actions/changes/,/stocks/qti/,US_LISTED,secondary_review,true,2026-04-16T08:02:41Z
56fdea6394b89184,2026-01-26,RELI,EZRA,Reliance Global Group Inc,stockanalysis_symbol_changes,https://stockanalysis.com/actions/changes/,/stocks/ezra/,US_LISTED,secondary_review,true,2026-04-16T08:02:41Z
d4a13e27a8272dd3,2026-01-23,CMPO,GPGI,Gpgi Inc,stockanalysis_symbol_changes,https://stockanalysis.com/actions/changes/,/stocks/gpgi/,US_LISTED,secondary_review,true,2026-04-16T08:02:41Z
485a0036a279d379,2026-01-22,SGBX,OLOX,Olenox Industries Inc,stockanalysis_symbol_changes,https://stockanalysis.com/actions/changes/,/stocks/olox/,US_LISTED,secondary_review,true,2026-04-16T08:02:41Z
4828163de42b8aee,2026-01-20,IVP,IVPR,Inspire Veterinary Partners Inc,stockanalysis_symbol_changes,https://stockanalysis.com/actions/changes/,/quote/otc/IVPR/,OTC,secondary_review,true,2026-04-16T08:02:41Z
eb2f4d78562fddfc,2026-01-20,ELWS,PDC,Perpetualscom Ltd.,stockanalysis_symbol_changes,https://stockanalysis.com/actions/changes/,/stocks/pdc/,US_LISTED,secondary_review,true,2026-04-16T08:02:41Z
4bdf05ab9d6a0624,2026-01-16,TEF,TELFY,Telefonica S A,stockanalysis_symbol_changes,https://stockanalysis.com/actions/changes/,/quote/otc/TELFY/,OTC,secondary_review,true,2026-04-16T08:02:41Z
d83142256840160c,2026-01-16,PTHL,ITOC,Itonic Holdings Ltd.,stockanalysis_symbol_changes,https://stockanalysis.com/actions/changes/,/stocks/itoc/,US_LISTED,secondary_review,true,2026-04-16T08:02:41Z
68c93c29e608b7a4,2026-01-16,PT,JF,J & Friends Holdings Ltd.,stockanalysis_symbol_changes,https://stockanalysis.com/actions/changes/,/stocks/jf/,US_LISTED,secondary_review,true,2026-04-16T08:02:41Z
2b1eab5158377b3e,2026-01-16,MODG,CALY,Callaway Golf Co.,stockanalysis_symbol_changes,https://stockanalysis.com/actions/changes/,/stocks/caly/,US_LISTED,secondary_review,true,2026-04-16T08:02:41Z
abbed2d8a64b6241,2026-01-15,MNMD,DFTX,Definium Therapeutics Inc,stockanalysis_symbol_changes,https://stockanalysis.com/actions/changes/,/stocks/dftx/,US_LISTED,secondary_review,true,2026-04-16T08:02:41Z
8491f2aa1b64d72d,2026-01-14,MMC,MRSH,Marsh & Mclennan Companies Inc,stockanalysis_symbol_changes,https://stockanalysis.com/actions/changes/,/stocks/mrsh/,US_LISTED,secondary_review,true,2026-04-16T08:02:41Z
75fafd1f6fad161e,2026-01-14,COMM,VISN,Vistance Networks Inc,stockanalysis_symbol_changes,https://stockanalysis.com/actions/changes/,/stocks/visn/,US_LISTED,secondary_review,true,2026-04-16T08:02:41Z
71f1f51044562eb3,2026-01-12,ATHA,LONA,Leonabio Inc,stockanalysis_symbol_changes,https://stockanalysis.com/actions/changes/,/stocks/lona/,US_LISTED,secondary_review,true,2026-04-16T08:02:41Z
1dd06df56ee7a23a,2026-01-08,SLRX,DCOY,Decoy Therapeutics Inc,stockanalysis_symbol_changes,https://stockanalysis.com/actions/changes/,/stocks/dcoy/,US_LISTED,secondary_review,true,2026-04-16T08:02:41Z
d02a7838f4335c89,2026-01-08,FGEN,KYNB,Kyntra Bio Inc,stockanalysis_symbol_changes,https://stockanalysis.com/actions/changes/,/stocks/kynb/,US_LISTED,secondary_review,true,2026-04-16T08:02:41Z
f6fac8832280ead2,2026-01-08,DGLY,KUST,Kustom Entertainment Inc,stockanalysis_symbol_changes,https://stockanalysis.com/actions/changes/,/stocks/kust/,US_LISTED,secondary_review,true,2026-04-16T08:02:41Z
cfeae16f1d077f47,2026-01-07,WTMA,EMAT,Evolution Metals & Technologies Corp,stockanalysis_symbol_changes,https://stockanalysis.com/actions/changes/,/stocks/emat/,US_LISTED,secondary_review,true,2026-04-16T08:02:41Z
3853f08f6281f8eb,2026-01-05,CYBN,HELP,Cybin Inc,stockanalysis_symbol_changes,https://stockanalysis.com/actions/changes/,/stocks/help/,US_LISTED,secondary_review,true,2026-04-16T08:02:41Z
a51262c01d68543c,2026-01-02,OMI,ACH,Accendra Health Inc,stockanalysis_symbol_changes,https://stockanalysis.com/actions/changes/,/stocks/ach/,US_LISTED,secondary_review,true,2026-04-16T08:02:41Z
2217f6bdb1b83f1c,2026-01-02,MOGO,ORIO,Orion Digital Corp,stockanalysis_symbol_changes,https://stockanalysis.com/actions/changes/,/stocks/orio/,US_LISTED,secondary_review,true,2026-04-16T08:02:41Z
8bf6e4eed7375552,2025-12-30,ABLLL,ABXL,Abacus Global Management Inc,stockanalysis_symbol_changes,https://stockanalysis.com/actions/changes/,/stocks/abxl/,US_LISTED,secondary_review,true,2026-04-16T08:02:41Z
917feb120b52b5ba,2025-12-30,ABL,ABX,Abacus Global Management Inc,stockanalysis_symbol_changes,https://stockanalysis.com/actions/changes/,/stocks/abx/,US_LISTED,secondary_review,true,2026-04-16T08:02:41Z
ec4380547cc7cc30,2025-12-26,KAR,OPLN,Openlane Inc,stockanalysis_symbol_changes,https://stockanalysis.com/actions/changes/,/stocks/opln/,US_LISTED,secondary_review,true,2026-04-16T08:02:41Z
9e3edd8ea48e1160,2025-12-24,STEC,BVC,Bitventures Ltd.,stockanalysis_symbol_changes,https://stockanalysis.com/actions/changes/,/stocks/bvc/,US_LISTED,secondary_review,true,2026-04-16T08:02:41Z
e32fd4851930b39a,2025-12-22,QD,HTT,High Templar Tech Ltd.,stockanalysis_symbol_changes,https://stockanalysis.com/actions/changes/,/stocks/htt/,US_LISTED,secondary_review,true,2026-04-16T08:02:41Z
a746bb3d24f4c8fb,2025-12-19,SGD,RENX,Renx Enterprises Corp,stockanalysis_symbol_changes,https://stockanalysis.com/actions/changes/,/stocks/renx/,US_LISTED,secondary_review,true,2026-04-16T08:02:41Z
490030b242e4aa82,2025-12-16,TZUP,DTCX,Datacentrex Inc,stockanalysis_symbol_changes,https://stockanalysis.com/actions/changes/,/stocks/dtcx/,US_LISTED,secondary_review,true,2026-04-16T08:02:41Z
b3177d174def6013,2025-12-12,NAOV,FEED,Envue Medical Inc,stockanalysis_symbol_changes,https://stockanalysis.com/actions/changes/,/stocks/feed/,US_LISTED,secondary_review,true,2026-04-16T08:02:41Z
84b6bfa949b78b1d,2025-12-10,OBLG,TWAV,Taoweave Inc,stockanalysis_symbol_changes,https://stockanalysis.com/actions/changes/,/stocks/twav/,US_LISTED,secondary_review,true,2026-04-16T08:02:41Z
ba94e0e8dc86d656,2025-12-10,MCTR,TJGC,Tjgc Group Ltd.,stockanalysis_symbol_changes,https://stockanalysis.com/actions/changes/,/stocks/tjgc/,US_LISTED,secondary_review,true,2026-04-16T08:02:41Z
246604a0c6b78023,2025-12-10,CJET,DCX,Digital Currency X Technology Inc,stockanalysis_symbol_changes,https://stockanalysis.com/actions/changes/,/stocks/dcx/,US_LISTED,secondary_review,true,2026-04-16T08:02:41Z
8f863292d42e6578,2025-12-10,ATMV,AMCI,Amc Robotics Corp,stockanalysis_symbol_changes,https://stockanalysis.com/actions/changes/,/stocks/amci/,US_LISTED,secondary_review,true,2026-04-16T08:02:41Z
65c4c2331845a862,2025-12-09,CEP,XXI,Twenty One Capital Inc,stockanalysis_symbol_changes,https://stockanalysis.com/actions/changes/,/stocks/xxi/,US_LISTED,secondary_review,true,2026-04-16T08:02:41Z
db080a1cf2384b5b,2025-12-08,HUSA,AGIG,Abundia Global Impact Group Inc,stockanalysis_symbol_changes,https://stockanalysis.com/actions/changes/,/stocks/agig/,US_LISTED,secondary_review,true,2026-04-16T08:02:41Z
482cb0aefa1839c6,2025-12-08,DOOO,DOO,Brp Inc,stockanalysis_symbol_changes,https://stockanalysis.com/actions/changes/,/stocks/doo/,US_LISTED,secondary_review,true,2026-04-16T08:02:41Z
d1ed53256428539a,2025-12-02,AMRK,GOLD,Goldcom Inc,stockanalysis_symbol_changes,https://stockanalysis.com/actions/changes/,/stocks/gold/,US_LISTED,secondary_review,true,2026-04-16T08:02:41Z
41a3d5d81c78af43,2025-12-01,ENTO,GRDX,Gridai Technologies Corp,stockanalysis_symbol_changes,https://stockanalysis.com/actions/changes/,/stocks/grdx/,US_LISTED,secondary_review,true,2026-04-16T08:02:41Z
9d58a7b73a1ff069,2025-11-28,CHEK,MBAI,Check-cap Ltd.,stockanalysis_symbol_changes,https://stockanalysis.com/actions/changes/,/stocks/mbai/,US_LISTED,secondary_review,true,2026-04-16T08:02:41Z
ee5488dfe85f4bf6,2025-11-25,MESA,RJET,Republic Airways Holdings Inc,stockanalysis_symbol_changes,https://stockanalysis.com/actions/changes/,/stocks/rjet/,US_LISTED,secondary_review,true,2026-04-16T08:02:41Z
8ed63c2b0b807e9e,2025-11-20,OPT,OPTEY,Opthea Ltd.,stockanalysis_symbol_changes,https://stockanalysis.com/actions/changes/,/quote/otc/OPTEY/,OTC,secondary_review,true,2026-04-16T08:02:41Z
8b85e0857204ebcb,2025-11-20,AMBC,OSG,Octave Specialty Group Inc,stockanalysis_symbol_changes,https://stockanalysis.com/actions/changes/,/stocks/osg/,US_LISTED,secondary_review,true,2026-04-16T08:02:41Z
1e01036a57372717,2025-11-19,QLGN,AIXC,Aixcrypto Holdings Inc,stockanalysis_symbol_changes,https://stockanalysis.com/actions/changes/,/stocks/aixc/,US_LISTED,secondary_review,true,2026-04-16T08:02:41Z
e8420626d9f794d6,2025-11-19,ATUS,OPTU,Optimum Communications Inc,stockanalysis_symbol_changes,https://stockanalysis.com/actions/changes/,/stocks/optu/,US_LISTED,secondary_review,true,2026-04-16T08:02:41Z
b28dd7017a1a0371,2025-11-18,GCI,TDAY,Usa Today Co Inc,stockanalysis_symbol_changes,https://stockanalysis.com/actions/changes/,/stocks/tday/,US_LISTED,secondary_review,true,2026-04-16T08:02:41Z
f82e6e967352328d,2025-11-17,FORD,FWDI,Forward Industries Inc,stockanalysis_symbol_changes,https://stockanalysis.com/actions/changes/,/stocks/fwdi/,US_LISTED,secondary_review,true,2026-04-16T08:02:41Z
395af451d4c48d2c,2025-11-14,LNW,LNWO,Light & Wonder Inc,stockanalysis_symbol_changes,https://stockanalysis.com/actions/changes/,/quote/otc/LNWO/,OTC,secondary_review,true,2026-04-16T08:02:41Z
ce63692a068bae63,2025-11-13,MFH,CD,Chaince Digital Holdings Inc,stockanalysis_symbol_changes,https://stockanalysis.com/actions/changes/,/stocks/cd/,US_LISTED,secondary_review,true,2026-04-16T08:02:41Z
d57d24803d98d6c3,2025-11-13,LPTX,CYPH,Cypherpunk Technologies Inc,stockanalysis_symbol_changes,https://stockanalysis.com/actions/changes/,/stocks/cyph/,US_LISTED,secondary_review,true,2026-04-16T08:02:41Z
b4df6fdf19d388e9,2025-11-13,AGRI,AVX,Avax One Technology Ltd.,stockanalysis_symbol_changes,https://stockanalysis.com/actions/changes/,/stocks/avx/,US_LISTED,secondary_review,true,2026-04-16T08:02:41Z
17dd8fd7ed6d0487,2025-11-12,PTNT,PTN,Palatin Technologies Inc,stockanalysis_symbol_changes,https://stockanalysis.com/actions/changes/,/stocks/ptn/,US_LISTED,secondary_review,true,2026-04-16T08:02:41Z
e1a625884f35cbec,2025-11-12,GTI,GTIJF,Graphjet Technology,stockanalysis_symbol_changes,https://stockanalysis.com/actions/changes/,/quote/otc/GTIJF/,OTC,secondary_review,true,2026-04-16T08:02:41Z
16fc592c38796b45,2025-11-11,QSG,HERE,Here Group Ltd.,stockanalysis_symbol_changes,https://stockanalysis.com/actions/changes/,/stocks/here/,US_LISTED,secondary_review,true,2026-04-16T08:02:41Z
9981f2196c668cd7,2025-11-11,FI,FISV,Fiserv Inc,stockanalysis_symbol_changes,https://stockanalysis.com/actions/changes/,/stocks/fisv/,US_LISTED,secondary_review,true,2026-04-16T08:02:41Z
3d11884d9243c839,2025-11-10,NVFY,XWIN,Xmax Inc,stockanalysis_symbol_changes,https://stockanalysis.com/actions/changes/,/stocks/xwin/,US_LISTED,secondary_review,true,2026-04-16T08:02:41Z
f8cdc8cc724911f5,2025-11-10,EBR,AXIA,Axia Energia,stockanalysis_symbol_changes,https://stockanalysis.com/actions/changes/,/stocks/axia/,US_LISTED,secondary_review,true,2026-04-16T08:02:41Z
0ed70881dec34b50,2025-11-03,Q.W,Q,Qnity Electronics Inc,stockanalysis_symbol_changes,https://stockanalysis.com/actions/changes/,/stocks/q/,US_LISTED,secondary_review,true,2026-04-16T08:02:41Z
e533251a4cf89b1a,2025-11-03,ERJ,EMBJ,Embraer SA,stockanalysis_symbol_changes,https://stockanalysis.com/actions/changes/,/stocks/embj/,US_LISTED,secondary_review,true,2026-04-16T08:02:41Z
afb0ebca000b1308,2025-11-03,EQV,FTW,Presidio Investment Holdings LLC,stockanalysis_symbol_changes,https://stockanalysis.com/actions/changes/,/stocks/ftw/,US_LISTED,secondary_review,true,2026-04-16T08:02:41Z
9609e7233b95a8ab,2025-11-03,ADN,ADNH,Advent Technologies Holdings Inc,stockanalysis_symbol_changes,https://stockanalysis.com/actions/changes/,/quote/otc/ADNH/,OTC,secondary_review,true,2026-04-16T08:02:41Z
12fc14a2752da202,2025-10-31,GLLI,ALPS,Alps Group Inc,stockanalysis_symbol_changes,https://stockanalysis.com/actions/changes/,/stocks/alps/,US_LISTED,secondary_review,true,2026-04-16T08:02:41Z
3ee6806c67f37e65,2025-10-31,CCCS,CCC,Ccc Intelligent Solutions Holdings Inc,stockanalysis_symbol_changes,https://stockanalysis.com/actions/changes/,/stocks/ccc/,US_LISTED,secondary_review,true,2026-04-16T08:02:41Z
b01b5e02b1360f53,2025-10-30,IMAB,NBP,Novabridge Biosciences,stockanalysis_symbol_changes,https://stockanalysis.com/actions/changes/,/stocks/nbp/,US_LISTED,secondary_review,true,2026-04-16T08:02:41Z
6db68260489efa46,2025-10-29,HOND,IMSR,Terrestrial Energy Inc,stockanalysis_symbol_changes,https://stockanalysis.com/actions/changes/,/stocks/imsr/,US_LISTED,secondary_review,true,2026-04-16T08:02:41Z
ea8f067e3c8602b6,2025-10-28,PHH,BYAH,Park Ha Biological Technology Co Ltd.,stockanalysis_symbol_changes,https://stockanalysis.com/actions/changes/,/stocks/byah/,US_LISTED,secondary_review,true,2026-04-16T08:02:41Z
1336040e8a466209,2025-10-27,GIWWU,GIW,Gigcapital8 Corp,stockanalysis_symbol_changes,https://stockanalysis.com/actions/changes/,/stocks/giw/,US_LISTED,secondary_review,true,2026-04-16T08:02:41Z
4aa5131a61e5534e,2025-10-24,SVII,NUCL,Eagle Nuclear Energy Corp,stockanalysis_symbol_changes,https://stockanalysis.com/actions/changes/,/stocks/nucl/,US_LISTED,secondary_review,true,2026-04-16T08:02:41Z
699c9a9f41f8af70,2025-10-20,BTCM,SLAI,Solai Ltd.,stockanalysis_symbol_changes,https://stockanalysis.com/actions/changes/,/stocks/slai/,US_LISTED,secondary_review,true,2026-04-16T08:02:41Z
3bc4508f5613d5bb,2025-10-13,PWM,AURE,Aurelion Inc,stockanalysis_symbol_changes,https://stockanalysis.com/actions/changes/,/stocks/aure/,US_LISTED,secondary_review,true,2026-04-16T08:02:41Z
871f13bcd1afbc9b,2025-10-10,SWIN,AXG,Solowin Holdings Ltd.,stockanalysis_symbol_changes,https://stockanalysis.com/actions/changes/,/stocks/axg/,US_LISTED,secondary_review,true,2026-04-16T08:02:41Z
2a4fa26289ab4b55,2025-10-10,SHOT,BNKK,Bonk Inc,stockanalysis_symbol_changes,https://stockanalysis.com/actions/changes/,/stocks/bnkk/,US_LISTED,secondary_review,true,2026-04-16T08:02:41Z
f1497547311020e6,2025-10-10,GSRT,NKLR,Terra Innovatum Global Nv,stockanalysis_symbol_changes,https://stockanalysis.com/actions/changes/,/stocks/nklr/,US_LISTED,secondary_review,true,2026-04-16T08:02:41Z
7c4bd9d9e58ef5ec,2025-10-07,SYTA,CHAI,Core Ai Holdings Inc,stockanalysis_symbol_changes,https://stockanalysis.com/actions/changes/,/stocks/chai/,US_LISTED,secondary_review,true,2026-04-16T08:02:41Z
86f90ba47e0496f3,2025-10-07,APDN,BNBX,Bnb Plus Corp,stockanalysis_symbol_changes,https://stockanalysis.com/actions/changes/,/stocks/bnbx/,US_LISTED,secondary_review,true,2026-04-16T08:02:41Z
33882c757ffbc225,2025-10-03,BREA,SLMT,Brera Holdings PLC,stockanalysis_symbol_changes,https://stockanalysis.com/actions/changes/,/stocks/slmt/,US_LISTED,secondary_review,true,2026-04-16T08:02:41Z
79c59404a32a08c6,2025-10-01,RENB,LNAI,Lunai Bioworks Inc,stockanalysis_symbol_changes,https://stockanalysis.com/actions/changes/,/stocks/lnai/,US_LISTED,secondary_review,true,2026-04-16T08:02:41Z
e9fc16fb9998f62e,2025-10-01,MJID,PASW,Ping An Biomedical Co Ltd.,stockanalysis_symbol_changes,https://stockanalysis.com/actions/changes/,/stocks/pasw/,US_LISTED,secondary_review,true,2026-04-16T08:02:41Z
b5ab94e83b5984a4,2025-10-01,IROH,UCFI,Cn Healthy Food Tech Group Corp,stockanalysis_symbol_changes,https://stockanalysis.com/actions/changes/,/stocks/ucfi/,US_LISTED,secondary_review,true,2026-04-16T08:02:41Z
8bab357473cc4829,2025-09-30,CNFR,PRHI,Presurance Holdings Inc,stockanalysis_symbol_changes,https://stockanalysis.com/actions/changes/,/stocks/prhi/,US_LISTED,secondary_review,true,2026-04-16T08:02:41Z
62daee00ed20da77,2025-09-25,TNFA,QCLS,Q/c Technologies Inc,stockanalysis_symbol_changes,https://stockanalysis.com/actions/changes/,/stocks/qcls/,US_LISTED,secondary_review,true,2026-04-16T08:02:41Z
8d9c82fc78f8edd2,2025-09-25,AACT,KDK,Kodiak Ai Inc,stockanalysis_symbol_changes,https://stockanalysis.com/actions/changes/,/stocks/kdk/,US_LISTED,secondary_review,true,2026-04-16T08:02:41Z
cb08fbb77ce383c8,2025-09-22,CASK,IPST,Ip Strategy Holdings Inc,stockanalysis_symbol_changes,https://stockanalysis.com/actions/changes/,/stocks/ipst/,US_LISTED,secondary_review,true,2026-04-16T08:02:41Z
beb8f29613ddc9e1,2025-09-19,ANTE,YDKG,Yueda Digital Holding,stockanalysis_symbol_changes,https://stockanalysis.com/actions/changes/,/stocks/ydkg/,US_LISTED,secondary_review,true,2026-04-16T08:02:41Z
a44455620cf66da5,2025-09-12,CYCC,BGMS,Bio Green Med Solution Inc,stockanalysis_symbol_changes,https://stockanalysis.com/actions/changes/,/stocks/bgms/,US_LISTED,secondary_review,true,2026-04-16T08:02:41Z
579f87153aaeeccb,2025-09-12,BSGM,STEX,Streamex Corp,stockanalysis_symbol_changes,https://stockanalysis.com/actions/changes/,/stocks/stex/,US_LISTED,secondary_review,true,2026-04-16T08:02:41Z
f1b08a62ac868689,2025-09-11,PORT,ANGX,Angel Studios Inc,stockanalysis_symbol_changes,https://stockanalysis.com/actions/changes/,/stocks/angx/,US_LISTED,secondary_review,true,2026-04-16T08:02:41Z
d1e7735f8e3f06c8,2025-09-11,OCTO,ORBS,Eightco Holdings Inc,stockanalysis_symbol_changes,https://stockanalysis.com/actions/changes/,/stocks/orbs/,US_LISTED,secondary_review,true,2026-04-16T08:02:41Z
8edc969962c9bc22,2025-09-11,MEIP,LITS,Lite Strategy Inc,stockanalysis_symbol_changes,https://stockanalysis.com/actions/changes/,/stocks/lits/,US_LISTED,secondary_review,true,2026-04-16T08:02:41Z
c5b7367e1e199545,2025-09-05,HSON,STRR,Star Equity Holdings Inc,stockanalysis_symbol_changes,https://stockanalysis.com/actions/changes/,/stocks/strr/,US_LISTED,secondary_review,true,2026-04-16T08:02:41Z
34c76691d1351fd6,2025-09-04,YOSH,VSTD,Vestand Inc,stockanalysis_symbol_changes,https://stockanalysis.com/actions/changes/,/stocks/vstd/,US_LISTED,secondary_review,true,2026-04-16T08:02:41Z
0cae3cdc8f41802a,2025-09-04,PRTG,ATON,Alphaton Capital Corp,stockanalysis_symbol_changes,https://stockanalysis.com/actions/changes/,/stocks/aton/,US_LISTED,secondary_review,true,2026-04-16T08:02:41Z
cf948b4f04e453ce,2025-09-04,IPA,HYFT,Mindwalk Holdings Corp,stockanalysis_symbol_changes,https://stockanalysis.com/actions/changes/,/stocks/hyft/,US_LISTED,secondary_review,true,2026-04-16T08:02:41Z
83324752d628322c,2025-09-04,AC,ACGP,Associated Capital Group Inc,stockanalysis_symbol_changes,https://stockanalysis.com/actions/changes/,/quote/otc/ACGP/,OTC,secondary_review,true,2026-04-16T08:02:41Z
6b088cb75e5801b9,2025-09-03,GRYP,ABTC,American Bitcoin Corp,stockanalysis_symbol_changes,https://stockanalysis.com/actions/changes/,/stocks/abtc/,US_LISTED,secondary_review,true,2026-04-16T08:02:41Z
64554ee9760ee2de,2025-09-02,VERB,TONX,Ton Strategy Co.,stockanalysis_symbol_changes,https://stockanalysis.com/actions/changes/,/stocks/tonx/,US_LISTED,secondary_review,true,2026-04-16T08:02:41Z
56a4a294a5b423f7,2025-09-02,HMST,MCHB,Mechanics Bancorp,stockanalysis_symbol_changes,https://stockanalysis.com/actions/changes/,/stocks/mchb/,US_LISTED,secondary_review,true,2026-04-16T08:02:41Z
c9c81266b7939fb4,2025-09-02,BHLB,BBT,Beacon Financial Corp,stockanalysis_symbol_changes,https://stockanalysis.com/actions/changes/,/stocks/bbt/,US_LISTED,secondary_review,true,2026-04-16T08:02:41Z
b7283faa955a9134,2025-09-02,AGFY,RYM,Rythm Inc,stockanalysis_symbol_changes,https://stockanalysis.com/actions/changes/,/stocks/rym/,US_LISTED,secondary_review,true,2026-04-16T08:02:41Z
2220f65e52dc10ab,2025-08-29,BYON,BBBY,Bed Bath & Beyond Inc,stockanalysis_symbol_changes,https://stockanalysis.com/actions/changes/,/stocks/bbby/,US_LISTED,secondary_review,true,2026-04-16T08:02:41Z
78fa0859edf3d0d8,2025-08-29,BRZH,YDES,Yd Biopharma Ltd.,stockanalysis_symbol_changes,https://stockanalysis.com/actions/changes/,/stocks/ydes/,US_LISTED,secondary_review,true,2026-04-16T08:02:41Z
ba10e3d7a399c964,2025-08-29,BLDE,SRTA,Strata Critical Medical Inc,stockanalysis_symbol_changes,https://stockanalysis.com/actions/changes/,/stocks/srta/,US_LISTED,secondary_review,true,2026-04-16T08:02:41Z
f4cf7c493c19bccd,2025-08-27,DYNX,ETHM,Dynamix Corp,stockanalysis_symbol_changes,https://stockanalysis.com/actions/changes/,/stocks/ethm/,US_LISTED,secondary_review,true,2026-04-16T08:02:41Z
1843fc5826999127,2025-08-26,NWTN,AIIO,Roboai Inc,stockanalysis_symbol_changes,https://stockanalysis.com/actions/changes/,/stocks/aiio/,US_LISTED,secondary_review,true,2026-04-16T08:02:41Z
508ad7f8e956f15e,2025-08-26,MCVT,SUIG,Sui Group Holdings Ltd.,stockanalysis_symbol_changes,https://stockanalysis.com/actions/changes/,/stocks/suig/,US_LISTED,secondary_review,true,2026-04-16T08:02:41Z
396c74c712937a34,2025-08-25,PTMN,BCIC,Bcp Investment Corp,stockanalysis_symbol_changes,https://stockanalysis.com/actions/changes/,/stocks/bcic/,US_LISTED,secondary_review,true,2026-04-16T08:02:41Z
838d891145272be9,2025-08-25,AYRO,SBLX,Stablex Technologies Inc,stockanalysis_symbol_changes,https://stockanalysis.com/actions/changes/,/stocks/sblx/,US_LISTED,secondary_review,true,2026-04-16T08:02:41Z
eb26ad7f18127a8b,2025-08-22,ADD,ZNB,Zeta Network Group,stockanalysis_symbol_changes,https://stockanalysis.com/actions/changes/,/stocks/znb/,US_LISTED,secondary_review,true,2026-04-16T08:02:41Z
529e048c4843ee18,2025-08-19,VLDX,VELO,Velo3d Inc,stockanalysis_symbol_changes,https://stockanalysis.com/actions/changes/,/stocks/velo/,US_LISTED,secondary_review,true,2026-04-16T08:02:41Z
c0d4763077a56fe9,2025-08-18,ATNF,FRMM,Forum Markets Inc,stockanalysis_symbol_changes,https://stockanalysis.com/actions/changes/,/stocks/frmm/,US_LISTED,secondary_review,true,2026-04-16T08:02:41Z
e5eed1b3661215df,2025-08-15,RSLS,HIND,Vyome Holdings Inc,stockanalysis_symbol_changes,https://stockanalysis.com/actions/changes/,/stocks/hind/,US_LISTED,secondary_review,true,2026-04-16T08:02:41Z
662c3f11c687c03d,2025-08-15,CCIR,KYIV,Kyivstar Group Ltd.,stockanalysis_symbol_changes,https://stockanalysis.com/actions/changes/,/stocks/kyiv/,US_LISTED,secondary_review,true,2026-04-16T08:02:41Z
7ae2fcce9d8b5db0,2025-08-14,KNW,USBC,Usbc Inc,stockanalysis_symbol_changes,https://stockanalysis.com/actions/changes/,/stocks/usbc/,US_LISTED,secondary_review,true,2026-04-16T08:02:41Z
dbfa138d4b202359,2025-08-13,USM,AD,Array Digital Infrastructure Inc,stockanalysis_symbol_changes,https://stockanalysis.com/actions/changes/,/stocks/ad/,US_LISTED,secondary_review,true,2026-04-16T08:02:41Z
31486f4deb45bf9b,2025-08-13,RMBL,RDNW,Ridenow Group Inc,stockanalysis_symbol_changes,https://stockanalysis.com/actions/changes/,/stocks/rdnw/,US_LISTED,secondary_review,true,2026-04-16T08:02:41Z
ef9188a3269ec528,2025-08-13,NEHC,NUAI,New Era Energy & Digital Inc,stockanalysis_symbol_changes,https://stockanalysis.com/actions/changes/,/stocks/nuai/,US_LISTED,secondary_review,true,2026-04-16T08:02:41Z
d7dd84f263953c80,2025-08-12,HLXB,BBOT,Bridgebio Oncology Therapeutics Inc,stockanalysis_symbol_changes,https://stockanalysis.com/actions/changes/,/stocks/bbot/,US_LISTED,secondary_review,true,2026-04-16T08:02:41Z
b93b76afd77ccbc8,2025-08-11,FGF,FGNX,Fg Nexus Inc,stockanalysis_symbol_changes,https://stockanalysis.com/actions/changes/,/stocks/fgnx/,US_LISTED,secondary_review,true,2026-04-16T08:02:41Z
6fdc6b507aef037d,2025-08-11,DATS,MYSE,Myseum Inc,stockanalysis_symbol_changes,https://stockanalysis.com/actions/changes/,/stocks/myse/,US_LISTED,secondary_review,true,2026-04-16T08:02:41Z
5f58f61f5d3bfd15,2025-08-08,CHEB,PLBL,Polibeli Group Ltd.,stockanalysis_symbol_changes,https://stockanalysis.com/actions/changes/,/stocks/plbl/,US_LISTED,secondary_review,true,2026-04-16T08:02:41Z
6222bd7b7cd213e4,2025-08-07,PARA,PSKY,Paramount Skydance Corp,stockanalysis_symbol_changes,https://stockanalysis.com/actions/changes/,/stocks/psky/,US_LISTED,secondary_review,true,2026-04-16T08:02:41Z
3224bc89291973d9,2025-08-06,VAPE,BNC,Cea Industries Inc,stockanalysis_symbol_changes,https://stockanalysis.com/actions/changes/,/stocks/bnc/,US_LISTED,secondary_review,true,2026-04-16T08:02:41Z
a535fa5d1f3acad8,2025-08-04,BIGC,CMRC,Commercecom Inc,stockanalysis_symbol_changes,https://stockanalysis.com/actions/changes/,/stocks/cmrc/,US_LISTED,secondary_review,true,2026-04-16T08:02:41Z
1abe7e1bd42ef299,2025-07-31,VLCN,EMPD,Empery Digital Inc,stockanalysis_symbol_changes,https://stockanalysis.com/actions/changes/,/stocks/empd/,US_LISTED,secondary_review,true,2026-04-16T08:02:41Z
04bfef4ab3b47a87,2025-07-31,CCCM,BRR,Procap Financial Inc,stockanalysis_symbol_changes,https://stockanalysis.com/actions/changes/,/stocks/brr/,US_LISTED,secondary_review,true,2026-04-16T08:02:41Z
c932ae9de7aa92ae,2025-07-29,PET,PETXQ,Wag! Group Co.,stockanalysis_symbol_changes,https://stockanalysis.com/actions/changes/,/quote/otc/PETXQ/,OTC,secondary_review,true,2026-04-16T08:02:41Z
b7b840eaf16b1a02,2025-07-29,KIRK,TBHC,Brand House Collective Inc,stockanalysis_symbol_changes,https://stockanalysis.com/actions/changes/,/stocks/tbhc/,US_LISTED,secondary_review,true,2026-04-16T08:02:41Z
44a0afa0ec731064,2025-07-28,MULN,BINI,Bollinger Innovations Inc,stockanalysis_symbol_changes,https://stockanalysis.com/actions/changes/,/quote/otc/BINI/,OTC,secondary_review,true,2026-04-16T08:02:41Z
ecdcd118904bc25d,2025-07-28,IKNA,IMA,Imagenebio Inc,stockanalysis_symbol_changes,https://stockanalysis.com/actions/changes/,/stocks/ima/,US_LISTED,secondary_review,true,2026-04-16T08:02:41Z
102c0e8b9f62e268,2025-07-24,DTC,SBDS,Solo Brands Inc,stockanalysis_symbol_changes,https://stockanalysis.com/actions/changes/,/quote/otc/SBDS/,OTC,secondary_review,true,2026-04-16T08:02:41Z
e37254fec723fe89,2025-07-21,KIND,NXDR,Nextdoor Holdings Inc,stockanalysis_symbol_changes,https://stockanalysis.com/actions/changes/,/stocks/nxdr/,US_LISTED,secondary_review,true,2026-04-16T08:02:41Z
e47b0024cbc93405,2025-07-18,SRM,TRON,Tron Inc,stockanalysis_symbol_changes,https://stockanalysis.com/actions/changes/,/stocks/tron/,US_LISTED,secondary_review,true,2026-04-16T08:02:41Z
3ed3897f464bca78,2025-07-18,DTCB,SBDS,Solo Brands Inc,stockanalysis_symbol_changes,https://stockanalysis.com/actions/changes/,/quote/otc/SBDS/,OTC,secondary_review,true,2026-04-16T08:02:41Z
6e2badcf3c0e535c,2025-07-16,CLBR,PEW,Grabagun Digital Holdings Inc,stockanalysis_symbol_changes,https://stockanalysis.com/actions/changes/,/stocks/pew/,US_LISTED,secondary_review,true,2026-04-16T08:02:41Z
d331a099dad596c8,2025-07-15,BNIX,VWAV,Visionwave Holdings Inc,stockanalysis_symbol_changes,https://stockanalysis.com/actions/changes/,/stocks/vwav/,US_LISTED,secondary_review,true,2026-04-16T08:02:41Z
ae1339ad48acbd91,2025-07-14,NVAC,PFSA,Profusa Inc,stockanalysis_symbol_changes,https://stockanalysis.com/actions/changes/,/stocks/pfsa/,US_LISTED,secondary_review,true,2026-04-16T08:02:41Z
767fe94c12c57198,2025-07-10,MINM,FIEE,Fiee Inc,stockanalysis_symbol_changes,https://stockanalysis.com/actions/changes/,/stocks/fiee/,US_LISTED,secondary_review,true,2026-04-16T08:02:41Z
6fdfae2b06c8468e,2025-07-10,DIST,YOUL,Youlife Group Inc,stockanalysis_symbol_changes,https://stockanalysis.com/actions/changes/,/stocks/youl/,US_LISTED,secondary_review,true,2026-04-16T08:02:41Z
77e2c152c06b6c20,2025-07-08,UBX,UNBX,Unity Biotechnology Inc,stockanalysis_symbol_changes,https://stockanalysis.com/actions/changes/,/quote/otc/UNBX/,OTC,secondary_review,true,2026-04-16T08:02:41Z
d64f6e6b6399fe7d,2025-07-07,LTRY,SEGG,Sports Entertainment Gaming Global Corp,stockanalysis_symbol_changes,https://stockanalysis.com/actions/changes/,/stocks/segg/,US_LISTED,secondary_review,true,2026-04-16T08:02:41Z
3baa373d54c91876,2025-07-07,CCCXU,INFQ,Infleqtion Inc,stockanalysis_symbol_changes,https://stockanalysis.com/actions/changes/,/stocks/infq/,US_LISTED,secondary_review,true,2026-04-16T08:02:41Z
f9f44ed88a2b4b08,2025-07-03,JVSA,HBNB,Hotel101 Global Holdings Corp,stockanalysis_symbol_changes,https://stockanalysis.com/actions/changes/,/stocks/hbnb/,US_LISTED,secondary_review,true,2026-04-16T08:02:41Z
76538ddc94169a16,2025-07-03,EYEN,HYPD,Hyperion Defi Inc,stockanalysis_symbol_changes,https://stockanalysis.com/actions/changes/,/stocks/hypd/,US_LISTED,secondary_review,true,2026-04-16T08:02:41Z
eddf63056e2d5b53,2025-07-02,IGT,BRSL,Brightstar Lottery PLC,stockanalysis_symbol_changes,https://stockanalysis.com/actions/changes/,/stocks/brsl/,US_LISTED,secondary_review,true,2026-04-16T08:02:41Z
43b51c7f194411a3,2025-07-02,CHRO,PTHS,Pelthos Therapeutics Inc,stockanalysis_symbol_changes,https://stockanalysis.com/actions/changes/,/stocks/pths/,US_LISTED,secondary_review,true,2026-04-16T08:02:41Z
c3db5091be35eb47,2025-07-01,SNPX,TAOX,Tao Synergies Inc,stockanalysis_symbol_changes,https://stockanalysis.com/actions/changes/,/stocks/taox/,US_LISTED,secondary_review,true,2026-04-16T08:02:41Z
982df8bf01778926,2025-07-01,LANC,MZTI,Marzetti Co.,stockanalysis_symbol_changes,https://stockanalysis.com/actions/changes/,/stocks/mzti/,US_LISTED,secondary_review,true,2026-04-16T08:02:41Z
5eb1211f8acda6d6,2025-07-01,KWE,DFSC,Defsec Technologies Inc,stockanalysis_symbol_changes,https://stockanalysis.com/actions/changes/,/stocks/dfsc/,US_LISTED,secondary_review,true,2026-04-16T08:02:41Z
65bf61e673c4986a,2025-06-25,SUP,SSUP,Superior Industries International Inc,stockanalysis_symbol_changes,https://stockanalysis.com/actions/changes/,/quote/otc/SSUP/,OTC,secondary_review,true,2026-04-16T08:02:41Z
ccc2f86a0eedf4cf,2025-06-18,OCX,IMDX,Insight Molecular Diagnostics Inc,stockanalysis_symbol_changes,https://stockanalysis.com/actions/changes/,/stocks/imdx/,US_LISTED,secondary_review,true,2026-04-16T08:02:41Z
2c66b98ae3a14709,2025-06-17,AIMI,AIM,Aim Immunotech Inc,stockanalysis_symbol_changes,https://stockanalysis.com/actions/changes/,/stocks/aim/,US_LISTED,secondary_review,true,2026-04-16T08:02:41Z
3b92a1b3c41219ae,2025-06-16,GLYC,CBIO,Crescent Biopharma Inc,stockanalysis_symbol_changes,https://stockanalysis.com/actions/changes/,/stocks/cbio/,US_LISTED,secondary_review,true,2026-04-16T08:02:41Z
eac22682789042d4,2025-06-13,CEAD,BNC,Cea Industries Inc,stockanalysis_symbol_changes,https://stockanalysis.com/actions/changes/,/stocks/bnc/,US_LISTED,secondary_review,true,2026-04-16T08:02:41Z
a6fd43e07b0bfaec,2025-06-12,PELIU,GLND,Greenland Energy Co.,stockanalysis_symbol_changes,https://stockanalysis.com/actions/changes/,/stocks/glnd/,US_LISTED,secondary_review,true,2026-04-16T08:02:41Z
da4156df1b28d9ad,2025-06-10,OB,TEAD,Teads Holding Co.,stockanalysis_symbol_changes,https://stockanalysis.com/actions/changes/,/stocks/tead/,US_LISTED,secondary_review,true,2026-04-16T08:02:41Z
088a4c03dcf58986,2025-06-09,CSWI,CSW,Csw Industrials Inc,stockanalysis_symbol_changes,https://stockanalysis.com/actions/changes/,/stocks/csw/,US_LISTED,secondary_review,true,2026-04-16T08:02:41Z
b5a4d5901aaa9060,2025-06-09,CCCMU,BRR,Procap Financial Inc,stockanalysis_symbol_changes,https://stockanalysis.com/actions/changes/,/stocks/brr/,US_LISTED,secondary_review,true,2026-04-16T08:02:41Z
d8057a99e030215e,2025-06-09,BHAC,SAFX,Xcf Global Inc,stockanalysis_symbol_changes,https://stockanalysis.com/actions/changes/,/stocks/safx/,US_LISTED,secondary_review,true,2026-04-16T08:02:41Z
d24f228a88e41f00,2025-06-06,HCVI,NAMM,Namib Minerals,stockanalysis_symbol_changes,https://stockanalysis.com/actions/changes/,/stocks/namm/,US_LISTED,secondary_review,true,2026-04-16T08:02:41Z
6c498ac34e060559,2025-06-06,BSII,TGE,Generation Essentials Group,stockanalysis_symbol_changes,https://stockanalysis.com/actions/changes/,/stocks/tge/,US_LISTED,secondary_review,true,2026-04-16T08:02:41Z
ae759bc9dc49f081,2025-06-03,JUNE,SUPX,Superx Ai Technology Ltd.,stockanalysis_symbol_changes,https://stockanalysis.com/actions/changes/,/stocks/supx/,US_LISTED,secondary_review,true,2026-04-16T08:02:41Z
08bf72180428f799,2025-05-27,TOPW,SORA,Asiastrategy,stockanalysis_symbol_changes,https://stockanalysis.com/actions/changes/,/stocks/sora/,US_LISTED,secondary_review,true,2026-04-16T08:02:41Z
cda3d5e1291f7297,2025-05-23,KDLY,NAKA,Nakamoto Inc,stockanalysis_symbol_changes,https://stockanalysis.com/actions/changes/,/stocks/naka/,US_LISTED,secondary_review,true,2026-04-16T08:02:41Z
ad4a838fbb32fbe1,2025-05-19,DMN,DMNIF,Damon Inc,stockanalysis_symbol_changes,https://stockanalysis.com/actions/changes/,/quote/otc/DMNIF/,OTC,secondary_review,true,2026-04-16T08:02:41Z
11da69dea7dd4164,2025-05-19,CHACU,XNDU,Xanadu Quantum Technologies Ltd.,stockanalysis_symbol_changes,https://stockanalysis.com/actions/changes/,/stocks/xndu/,US_LISTED,secondary_review,true,2026-04-16T08:02:41Z
b094ab6104191401,2025-05-16,PGHL,ZDAI,Directbooking Technology Co Ltd.,stockanalysis_symbol_changes,https://stockanalysis.com/actions/changes/,/stocks/zdai/,US_LISTED,secondary_review,true,2026-04-16T08:02:41Z
fdc9d70b9666adec,2025-05-15,WW,WGHTQ,Ww International Inc,stockanalysis_symbol_changes,https://stockanalysis.com/actions/changes/,,,secondary_review,true,2026-04-16T08:02:41Z
cbfa7bd72b1db28f,2025-05-14,RTC,RTCJF,Baijiayun Group Ltd.,stockanalysis_symbol_changes,https://stockanalysis.com/actions/changes/,/quote/otc/RTCJF/,OTC,secondary_review,true,2026-04-16T08:02:41Z
7c8a32d2a65ad198,2025-05-14,GLST,KWM,K Wave Media Ltd.,stockanalysis_symbol_changes,https://stockanalysis.com/actions/changes/,/stocks/kwm/,US_LISTED,secondary_review,true,2026-04-16T08:02:41Z
1d9e1c48a88ecd13,2025-05-13,ZI,GTM,Zoominfo Technologies Inc,stockanalysis_symbol_changes,https://stockanalysis.com/actions/changes/,/stocks/gtm/,US_LISTED,secondary_review,true,2026-04-16T08:02:41Z
a11060e70d2fec27,2025-05-09,GOLD,B,Barrick Mining Corp,stockanalysis_symbol_changes,https://stockanalysis.com/actions/changes/,/stocks/b/,US_LISTED,secondary_review,true,2026-04-16T08:02:41Z
ad1b5d5d30633008,2025-05-09,BUJA,GIBO,Gibo Holdings Ltd.,stockanalysis_symbol_changes,https://stockanalysis.com/actions/changes/,/stocks/gibo/,US_LISTED,secondary_review,true,2026-04-16T08:02:41Z
c193b647c237cae9,2025-05-06,SJW,HTO,H2o America,stockanalysis_symbol_changes,https://stockanalysis.com/actions/changes/,/stocks/hto/,US_LISTED,secondary_review,true,2026-04-16T08:02:41Z
b79ad870b6ce9e58,2025-05-05,JNVR,DFDV,Defi Development Corp,stockanalysis_symbol_changes,https://stockanalysis.com/actions/changes/,/stocks/dfdv/,US_LISTED,secondary_review,true,2026-04-16T08:02:41Z
df4319a4df4cb9ac,2025-05-05,HPH,MAAS,Maase Inc,stockanalysis_symbol_changes,https://stockanalysis.com/actions/changes/,/stocks/maas/,US_LISTED,secondary_review,true,2026-04-16T08:02:41Z
3cdf195ad42e4600,2025-05-01,MYTE,LUXE,Luxexperience Bv,stockanalysis_symbol_changes,https://stockanalysis.com/actions/changes/,/stocks/luxe/,US_LISTED,secondary_review,true,2026-04-16T08:02:41Z
1d50c36633be9907,2025-04-30,BTTR,SRXH,Srx Health Solutions Inc,stockanalysis_symbol_changes,https://stockanalysis.com/actions/changes/,/stocks/srxh/,US_LISTED,secondary_review,true,2026-04-16T08:02:41Z
9c457916090e6d90,2025-04-29,AVTE,JBIO,Jade Biosciences Inc,stockanalysis_symbol_changes,https://stockanalysis.com/actions/changes/,/stocks/jbio/,US_LISTED,secondary_review,true,2026-04-16T08:02:41Z
66c4b05d80ad895d,2025-04-28,SAG,INEO,Inneova Holdings Ltd.,stockanalysis_symbol_changes,https://stockanalysis.com/actions/changes/,/stocks/ineo/,US_LISTED,secondary_review,true,2026-04-16T08:02:41Z
69d25fd3feb34580,2025-04-28,PITA,PITEF,Heramba Electric PLC,stockanalysis_symbol_changes,https://stockanalysis.com/actions/changes/,/quote/otc/PITEF/,OTC,secondary_review,true,2026-04-16T08:02:41Z
f218eeeaf4d1b1b3,2025-04-28,NAYA,IVF,Invo Fertility Inc,stockanalysis_symbol_changes,https://stockanalysis.com/actions/changes/,/stocks/ivf/,US_LISTED,secondary_review,true,2026-04-16T08:02:41Z
4b3332635d900e67,2025-04-24,ONVO,VIVS,Vivosim Labs Inc,stockanalysis_symbol_changes,https://stockanalysis.com/actions/changes/,/stocks/vivs/,US_LISTED,secondary_review,true,2026-04-16T08:02:41Z
ad8e05eed179791a,2025-04-22,DTC,SBDS,Solo Brands Inc,stockanalysis_symbol_changes,https://stockanalysis.com/actions/changes/,/quote/otc/SBDS/,OTC,secondary_review,true,2026-04-16T08:02:41Z
088090b5bfd927c9,2025-04-22,CSLR,SPWR,Sunpower Inc,stockanalysis_symbol_changes,https://stockanalysis.com/actions/changes/,/stocks/spwr/,US_LISTED,secondary_review,true,2026-04-16T08:02:41Z
10e851dff14d4404,2025-04-17,ENZ,ENZB,Enzo Biochem Inc,stockanalysis_symbol_changes,https://stockanalysis.com/actions/changes/,/quote/otc/ENZB/,OTC,secondary_review,true,2026-04-16T08:02:41Z
903dff07c13e5669,2025-04-16,CARA,TVRD,Tvardi Therapeutics Inc,stockanalysis_symbol_changes,https://stockanalysis.com/actions/changes/,/stocks/tvrd/,US_LISTED,secondary_review,true,2026-04-16T08:02:41Z
253f6ef879a002d7,2025-04-16,AWH,AWHL,Aspira Women's Health Inc,stockanalysis_symbol_changes,https://stockanalysis.com/actions/changes/,/quote/otc/AWHL/,OTC,secondary_review,true,2026-04-16T08:02:41Z
c93d5f4b53e89c73,2025-04-14,PEV,PEVM,Phoenix Motor Inc,stockanalysis_symbol_changes,https://stockanalysis.com/actions/changes/,/quote/otc/PEVM/,OTC,secondary_review,true,2026-04-14T08:03:23Z
